-- Populating country table
INSERT INTO public.country (id_country, "name") VALUES
  (nextval('public.sequence_id_country'), 'Brasil'),
  (nextval('public.sequence_id_country'), 'Argentina'),
  (nextval('public.sequence_id_country'), 'Chile'),
  (nextval('public.sequence_id_country'), 'Uruguai'),
  (nextval('public.sequence_id_country'), 'Paraguai'),
  (nextval('public.sequence_id_country'), 'Bolívia'),
  (nextval('public.sequence_id_country'), 'Peru'),
  (nextval('public.sequence_id_country'), 'Equador'),
  (nextval('public.sequence_id_country'), 'Colômbia'),
  (nextval('public.sequence_id_country'), 'Venezuela'),
  (nextval('public.sequence_id_country'), 'Guiana'),
  (nextval('public.sequence_id_country'), 'Suriname'),
  (nextval('public.sequence_id_country'), 'Guiana Francesa'),
  (nextval('public.sequence_id_country'), 'México'),
  (nextval('public.sequence_id_country'), 'Canadá'),
  (nextval('public.sequence_id_country'), 'Estados Unidos'),
  (nextval('public.sequence_id_country'), 'Cuba'),
  (nextval('public.sequence_id_country'), 'Jamaica'),
  (nextval('public.sequence_id_country'), 'República Dominicana'),
  (nextval('public.sequence_id_country'), 'Porto Rico');

-- Populating city table
INSERT INTO public.city (id_city, "name", country_id) VALUES
  (nextval('public.sequence_id_city'), 'São Paulo', 1),
  (nextval('public.sequence_id_city'), 'Rio de Janeiro', 1),
  (nextval('public.sequence_id_city'), 'Buenos Aires', 2),
  (nextval('public.sequence_id_city'), 'Santiago', 3),
  (nextval('public.sequence_id_city'), 'Montevidéu', 4),
  (nextval('public.sequence_id_city'), 'Assunção', 5),
  (nextval('public.sequence_id_city'), 'La Paz', 6),
  (nextval('public.sequence_id_city'), 'Lima', 7),
  (nextval('public.sequence_id_city'), 'Quito', 8),
  (nextval('public.sequence_id_city'), 'Bogotá', 9),
  (nextval('public.sequence_id_city'), 'Caracas', 10),
  (nextval('public.sequence_id_city'), 'Georgetown', 11),
  (nextval('public.sequence_id_city'), 'Paramaribo', 12),
  (nextval('public.sequence_id_city'), 'Cayenne', 13),
  (nextval('public.sequence_id_city'), 'Cidade do México', 14),
  (nextval('public.sequence_id_city'), 'Toronto', 15),
  (nextval('public.sequence_id_city'), 'Nova Iorque', 16),
  (nextval('public.sequence_id_city'), 'Havana', 17),
  (nextval('public.sequence_id_city'), 'Kingston', 18),
  (nextval('public.sequence_id_city'), 'Santo Domingo', 19);

-- Populating address table
INSERT INTO public.address (id_address, latitude, longitude, "number", street, zipcode, city_id) VALUES
  (nextval('public.sequence_id_address'), -23.5505, -46.6333, '100', 'Avenida Paulista', '01310-100', 1),
  (nextval('public.sequence_id_address'), -22.9068, -43.1729, '200', 'Rua Barata Ribeiro', '22040-002', 2),
  (nextval('public.sequence_id_address'), -34.6037, -58.3816, '300', 'Calle Florida', '1005', 3),
  (nextval('public.sequence_id_address'), -33.4489, -70.6693, '400', 'Avenida Libertador', '8340458', 4),
  (nextval('public.sequence_id_address'), -34.9011, -56.1645, '500', '18 de Julio', '11200', 5),
  (nextval('public.sequence_id_address'), -25.2637, -57.5759, '600', 'Avenida Eusebio Ayala', '1209', 6),
  (nextval('public.sequence_id_address'), -16.5000, -68.1500, '700', 'Calle Sagárnaga', '9999', 7),
  (nextval('public.sequence_id_address'), -12.0464, -77.0428, '800', 'Jirón de la Unión', '15001', 8),
  (nextval('public.sequence_id_address'), -0.1807, -78.4678, '900', 'Avenida Amazonas', '170150', 9),
  (nextval('public.sequence_id_address'), 4.7110, -74.0721, '1000', 'Calle 100', '110111', 10),
  (nextval('public.sequence_id_address'), 10.4806, -66.9036, '1100', 'Avenida Urdaneta', '1010', 11),
  (nextval('public.sequence_id_address'), 6.8013, -58.1553, '1200', 'Water Street', '90001', 12),
  (nextval('public.sequence_id_address'), 5.8520, -55.2038, '1300', 'Domineestraat', '1000', 13),
  (nextval('public.sequence_id_address'), 4.9226, -52.3267, '1400', 'Avenue de Gaulle', '97300', 14),
  (nextval('public.sequence_id_address'), 19.4326, -99.1332, '1500', 'Avenida Reforma', '06600', 15),
  (nextval('public.sequence_id_address'), 43.6532, -79.3832, '1600', 'Bay Street', 'M5J 2N8', 16),
  (nextval('public.sequence_id_address'), 40.7128, -74.0060, '1700', 'Broadway', '10007', 17),
  (nextval('public.sequence_id_address'), 23.1136, -82.3666, '1800', 'Calle Obispo', '10400', 18),
  (nextval('public.sequence_id_address'), 17.9712, -76.7936, '1900', 'King Street', '876', 19),
  (nextval('public.sequence_id_address'), 18.4861, -69.9312, '2000', 'Calle El Conde', '10210', 20);

-- Populating guest table
INSERT INTO public.guest (id_guest, email, "name", phone) VALUES
  (nextval('public.sequence_id_guest'), 'maria.silva@example.com', 'Maria Silva', '21999999999'),
  (nextval('public.sequence_id_guest'), 'joao.souza@example.com', 'João Souza', '21988888888'),
  (nextval('public.sequence_id_guest'), 'ana.costa@example.com', 'Ana Costa', '21977777777'),
  (nextval('public.sequence_id_guest'), 'pedro.oliveira@example.com', 'Pedro Oliveira', '21966666666'),
  (nextval('public.sequence_id_guest'), 'juliana.pereira@example.com', 'Juliana Pereira', '21955555555'),
  (nextval('public.sequence_id_guest'), 'carlos.fernandes@example.com', 'Carlos Fernandes', '21944444444'),
  (nextval('public.sequence_id_guest'), 'fernanda.almeida@example.com', 'Fernanda Almeida', '21933333333'),
  (nextval('public.sequence_id_guest'), 'roberto.santos@example.com', 'Roberto Santos', '21922222222'),
  (nextval('public.sequence_id_guest'), 'luciana.rodrigues@example.com', 'Luciana Rodrigues', '21911111111'),
  (nextval('public.sequence_id_guest'), 'bruno.martins@example.com', 'Bruno Martins', '21900000000'),
  (nextval('public.sequence_id_guest'), 'patricia.lima@example.com', 'Patrícia Lima', '21899999999'),
  (nextval('public.sequence_id_guest'), 'rafael.melo@example.com', 'Rafael Melo', '21888888888'),
  (nextval('public.sequence_id_guest'), 'camila.freitas@example.com', 'Camila Freitas', '21877777777'),
  (nextval('public.sequence_id_guest'), 'rodrigo.cardoso@example.com', 'Rodrigo Cardoso', '21866666666'),
  (nextval('public.sequence_id_guest'), 'beatriz.barros@example.com', 'Beatriz Barros', '21855555555'),
  (nextval('public.sequence_id_guest'), 'anderson.gomes@example.com', 'Anderson Gomes', '21844444444'),
  (nextval('public.sequence_id_guest'), 'aline.souza@example.com', 'Aline Souza', '21833333333'),
  (nextval('public.sequence_id_guest'), 'leonardo.ribeiro@example.com', 'Leonardo Ribeiro', '21822222222'),
  (nextval('public.sequence_id_guest'), 'juliana.dias@example.com', 'Juliana Dias', '21811111111'),
  (nextval('public.sequence_id_guest'), 'marcos.moura@example.com', 'Marcos Moura', '21800000000');

-- Populating amenity table
INSERT INTO public.amenity (id_amenity, "name") VALUES
  (nextval('public.sequence_id_amenity'), 'Wi-Fi grátis'),
  (nextval('public.sequence_id_amenity'), 'Piscina'),
  (nextval('public.sequence_id_amenity'), 'Estacionamento gratuito'),
  (nextval('public.sequence_id_amenity'), 'Café da manhã incluído'),
  (nextval('public.sequence_id_amenity'), 'Academia'),
  (nextval('public.sequence_id_amenity'), 'Serviço de quarto'),
  (nextval('public.sequence_id_amenity'), 'Spa'),
  (nextval('public.sequence_id_amenity'), 'Restaurante'),
  (nextval('public.sequence_id_amenity'), 'Bar'),
  (nextval('public.sequence_id_amenity'), 'Ar-condicionado'),
  (nextval('public.sequence_id_amenity'), 'Transfer aeroporto'),
  (nextval('public.sequence_id_amenity'), 'Acessibilidade para cadeirantes'),
  (nextval('public.sequence_id_amenity'), 'Pet-friendly'),
  (nextval('public.sequence_id_amenity'), 'Sala de reuniões'),
  (nextval('public.sequence_id_amenity'), 'Recepção 24h'),
  (nextval('public.sequence_id_amenity'), 'Cozinha'),
  (nextval('public.sequence_id_amenity'), 'Churrasqueira'),
  (nextval('public.sequence_id_amenity'), 'Sauna'),
  (nextval('public.sequence_id_amenity'), 'Jacuzzi'),
  (nextval('public.sequence_id_amenity'), 'Playground');

-- Populating accommodation table
INSERT INTO public.accommodation (id_accommodation, description, "name", "type", id_accommodation_rating, id_address) VALUES
  (nextval('public.sequence_id_accommodation'), 'Hotel de luxo com todas as comodidades', 'Hotel Luxo', 'HOTEL', 1, 1),
  (nextval('public.sequence_id_accommodation'), 'Pousada aconchegante próxima à praia', 'Pousada Praia', 'POUSADA', 2, 2),
  (nextval('public.sequence_id_accommodation'), 'Hostel econômico para mochileiros', 'Hostel Econômico', 'HOSTEL', 3, 3),
  (nextval('public.sequence_id_accommodation'), 'Flat moderno e confortável', 'Flat Conforto', 'FLAT', 4, 4),
  (nextval('public.sequence_id_accommodation'), 'Resort all inclusive', 'Resort Completo', 'RESORT', 5, 5),
  (nextval('public.sequence_id_accommodation'), 'Hotel boutique charmoso', 'Hotel Boutique', 'HOTEL', 6, 6),
  (nextval('public.sequence_id_accommodation'), 'Pousada no campo', 'Pousada Rural', 'POUSADA', 7, 7),
  (nextval('public.sequence_id_accommodation'), 'Hostel no centro da cidade', 'Hostel Centro', 'HOSTEL', 8, 8),
  (nextval('public.sequence_id_accommodation'), 'Flat com vista para o mar', 'Flat Vista Mar', 'FLAT', 9, 9),
  (nextval('public.sequence_id_accommodation'), 'Resort com parque aquático', 'Resort Aquático', 'RESORT', 10, 10),
  (nextval('public.sequence_id_accommodation'), 'Hotel próximo ao aeroporto', 'Hotel Aeroporto', 'HOTEL', 11, 11),
  (nextval('public.sequence_id_accommodation'), 'Pousada no centro histórico', 'Pousada Histórica', 'POUSADA', 12, 12),
  (nextval('public.sequence_id_accommodation'), 'Hostel com atividades culturais', 'Hostel Cultural', 'HOSTEL', 13, 13),
  (nextval('public.sequence_id_accommodation'), 'Flat para famílias', 'Flat Familiar', 'FLAT', 14, 14),
  (nextval('public.sequence_id_accommodation'), 'Resort romântico', 'Resort Romântico', 'RESORT', 15, 15),
  (nextval('public.sequence_id_accommodation'), 'Hotel com vista para o parque', 'Hotel Parque', 'HOTEL', 16, 16),
  (nextval('public.sequence_id_accommodation'), 'Pousada na montanha', 'Pousada Montanha', 'POUSADA', 17, 17),
  (nextval('public.sequence_id_accommodation'), 'Hostel perto do mercado', 'Hostel Mercado', 'HOSTEL', 18, 18),
  (nextval('public.sequence_id_accommodation'), 'Flat com cozinha completa', 'Flat Cozinha', 'FLAT', 19, 19),
  (nextval('public.sequence_id_accommodation'), 'Resort com spa', 'Resort Spa', 'RESORT', 20, 20);

-- Populating room table
INSERT INTO public.room (id_room, regular_base_price, "type", id_accommodation, max_guest_quantity) VALUES
  (nextval('public.sequence_id_room'), 200.0, 'INDIVIDUAL', 1, 3),
  (nextval('public.sequence_id_room'), 150.0, 'DUPLO', 2, 3),
  (nextval('public.sequence_id_room'), 100.0, 'TRIPLO', 3, 3),
  (nextval('public.sequence_id_room'), 250.0, 'COMPARTILHADO', 4, 3),
  (nextval('public.sequence_id_room'), 300.0, 'INDIVIDUAL', 5, 3),
  (nextval('public.sequence_id_room'), 175.0, 'DUPLO', 6, 3),
  (nextval('public.sequence_id_room'), 125.0, 'TRIPLO', 7, 3),
  (nextval('public.sequence_id_room'), 275.0, 'COMPARTILHADO', 8, 3),
  (nextval('public.sequence_id_room'), 225.0, 'INDIVIDUAL', 9, 3),
  (nextval('public.sequence_id_room'), 200.0, 'DUPLO', 10, 3),
  (nextval('public.sequence_id_room'), 150.0, 'TRIPLO', 11, 3),
  (nextval('public.sequence_id_room'), 100.0, 'COMPARTILHADO', 12, 3),
  (nextval('public.sequence_id_room'), 275.0, 'INDIVIDUAL', 13, 3),
  (nextval('public.sequence_id_room'), 175.0, 'DUPLO', 14, 3),
  (nextval('public.sequence_id_room'), 125.0, 'TRIPLO', 15, 3),
  (nextval('public.sequence_id_room'), 225.0, 'COMPARTILHADO', 16, 3),
  (nextval('public.sequence_id_room'), 200.0, 'INDIVIDUAL', 17, 3),
  (nextval('public.sequence_id_room'), 150.0, 'DUPLO', 18, 3),
  (nextval('public.sequence_id_room'), 100.0, 'TRIPLO', 19, 3),
  (nextval('public.sequence_id_room'), 250.0, 'COMPARTILHADO', 20, 3);

-- Populating accommodation_rating table
INSERT INTO public.accommodation_rating (id_accommodation_rating, average_rating, number_of_ratings, sum_rating, id_accommodation) VALUES
  (nextval('public.sequence_id_accommodation_rating'), 4.5, 100, 450, 1),
  (nextval('public.sequence_id_accommodation_rating'), 4.0, 80, 320, 2),
  (nextval('public.sequence_id_accommodation_rating'), 3.5, 60, 210, 3),
  (nextval('public.sequence_id_accommodation_rating'), 5.0, 50, 250, 4),
  (nextval('public.sequence_id_accommodation_rating'), 3.0, 40, 120, 5),
  (nextval('public.sequence_id_accommodation_rating'), 2.5, 30, 75, 6),
  (nextval('public.sequence_id_accommodation_rating'), 4.8, 25, 120, 7),
  (nextval('public.sequence_id_accommodation_rating'), 4.2, 20, 84, 8),
  (nextval('public.sequence_id_accommodation_rating'), 3.8, 15, 57, 9),
  (nextval('public.sequence_id_accommodation_rating'), 4.9, 10, 49, 10),
  (nextval('public.sequence_id_accommodation_rating'), 4.3, 5, 21, 11),
  (nextval('public.sequence_id_accommodation_rating'), 4.1, 4, 16, 12),
  (nextval('public.sequence_id_accommodation_rating'), 3.9, 3, 11, 13),
  (nextval('public.sequence_id_accommodation_rating'), 4.7, 2, 9, 14),
  (nextval('public.sequence_id_accommodation_rating'), 4.4, 1, 4, 15),
  (nextval('public.sequence_id_accommodation_rating'), 3.6, 2, 7, 16),
  (nextval('public.sequence_id_accommodation_rating'), 3.2, 3, 10, 17),
  (nextval('public.sequence_id_accommodation_rating'), 2.8, 4, 11, 18),
  (nextval('public.sequence_id_accommodation_rating'), 4.6, 5, 23, 19),
  (nextval('public.sequence_id_accommodation_rating'), 3.4, 6, 20, 20);

-- Populating booking table
INSERT INTO public.booking (id_booking, checkin_date, checkout_date, status, total_price, id_guest, id_room, number_of_guests) VALUES
  (nextval('public.sequence_id_booking'), '2024-07-15', '2024-07-20', 'CREATED', 1000.0, 1, 1, 1),
  (nextval('public.sequence_id_booking'), '2024-07-16', '2024-07-21', 'PAYED', 1500.0, 2, 2, 1),
  (nextval('public.sequence_id_booking'), '2024-07-17', '2024-07-22', 'WAITING_PAYMENT', 1200.0, 3, 3, 1),
  (nextval('public.sequence_id_booking'), '2024-07-18', '2024-07-23', 'RESCHEDULED', 1400.0, 4, 4, 1),
  (nextval('public.sequence_id_booking'), '2024-07-19', '2024-07-24', 'CANCELED', 1600.0, 5, 5, 1),
  (nextval('public.sequence_id_booking'), '2024-07-20', '2024-07-25', 'FINISHED', 1800.0, 6, 6, 1),
  (nextval('public.sequence_id_booking'), '2024-07-21', '2024-07-26', 'CREATED', 1100.0, 7, 7, 1),
  (nextval('public.sequence_id_booking'), '2024-07-22', '2024-07-27', 'PAYED', 1700.0, 8, 8, 1),
  (nextval('public.sequence_id_booking'), '2024-07-23', '2024-07-28', 'WAITING_PAYMENT', 1300.0, 9, 9, 1),
  (nextval('public.sequence_id_booking'), '2024-07-24', '2024-07-29', 'RESCHEDULED', 1500.0, 10, 10, 1),
  (nextval('public.sequence_id_booking'), '2024-07-25', '2024-07-30', 'CANCELED', 1700.0, 11, 11, 1),
  (nextval('public.sequence_id_booking'), '2024-07-26', '2024-07-31', 'FINISHED', 1900.0, 12, 12, 1),
  (nextval('public.sequence_id_booking'), '2024-07-27', '2024-08-01', 'CREATED', 1200.0, 13, 13, 1),
  (nextval('public.sequence_id_booking'), '2024-07-28', '2024-08-02', 'PAYED', 1800.0, 14, 14, 1),
  (nextval('public.sequence_id_booking'), '2024-07-29', '2024-08-03', 'WAITING_PAYMENT', 1400.0, 15, 15, 1),
  (nextval('public.sequence_id_booking'), '2024-07-30', '2024-08-04', 'RESCHEDULED', 1600.0, 16, 16, 1),
  (nextval('public.sequence_id_booking'), '2024-07-31', '2024-08-05', 'CANCELED', 1300.0, 17, 17, 1),
  (nextval('public.sequence_id_booking'), '2024-08-01', '2024-08-06', 'FINISHED', 1400.0, 18, 18, 1),
  (nextval('public.sequence_id_booking'), '2024-08-02', '2024-08-07', 'CREATED', 1500.0, 19, 19, 1),
  (nextval('public.sequence_id_booking'), '2024-08-03', '2024-08-08', 'PAYED', 1600.0, 20, 20, 1);

-- Populating room_price table
INSERT INTO public.room_price (id_room_price, end_date, percentual_change, start_date, "type", id_room) VALUES
  (nextval('public.sequence_id_room_price'), '2024-12-31 23:59:59', 1.1, '2024-01-01 00:00:00', 'ALTA_ESTACAO', 1),
  (nextval('public.sequence_id_room_price'), '2024-12-31 23:59:59', 0.2, '2024-01-01 00:00:00', 'BAIXA_ESTACAO', 2),
  (nextval('public.sequence_id_room_price'), '2024-12-31 23:59:59', 0.15, '2024-01-01 00:00:00', 'PROMOCAO', 3),
  (nextval('public.sequence_id_room_price'), '2024-12-31 23:59:59', 1.5, '2024-01-01 00:00:00', 'ALTA_ESTACAO', 4),
  (nextval('public.sequence_id_room_price'), '2024-12-31 23:59:59', 0.2, '2024-01-01 00:00:00', 'BAIXA_ESTACAO', 5),
  (nextval('public.sequence_id_room_price'), '2024-12-31 23:59:59', 0.15, '2024-01-01 00:00:00', 'PROMOCAO', 6),
  (nextval('public.sequence_id_room_price'), '2024-12-31 23:59:59', 1.3, '2024-01-01 00:00:00', 'ALTA_ESTACAO', 7),
  (nextval('public.sequence_id_room_price'), '2024-12-31 23:59:59', 0.2, '2024-01-01 00:00:00', 'BAIXA_ESTACAO', 8),
  (nextval('public.sequence_id_room_price'), '2024-12-31 23:59:59', 0.15, '2024-01-01 00:00:00', 'PROMOCAO', 9),
  (nextval('public.sequence_id_room_price'), '2024-12-31 23:59:59', 1.1, '2024-01-01 00:00:00', 'ALTA_ESTACAO', 10),
  (nextval('public.sequence_id_room_price'), '2024-12-31 23:59:59', 0.2, '2024-01-01 00:00:00', 'BAIXA_ESTACAO', 11),
  (nextval('public.sequence_id_room_price'), '2024-12-31 23:59:59', 0.15, '2024-01-01 00:00:00', 'PROMOCAO', 12),
  (nextval('public.sequence_id_room_price'), '2024-12-31 23:59:59', 1.1, '2024-01-01 00:00:00', 'ALTA_ESTACAO', 13),
  (nextval('public.sequence_id_room_price'), '2024-12-31 23:59:59', 0.2, '2024-01-01 00:00:00', 'BAIXA_ESTACAO', 14),
  (nextval('public.sequence_id_room_price'), '2024-12-31 23:59:59', 0.15, '2024-01-01 00:00:00', 'PROMOCAO', 15),
  (nextval('public.sequence_id_room_price'), '2024-12-31 23:59:59', 1.1, '2024-01-01 00:00:00', 'ALTA_ESTACAO', 16),
  (nextval('public.sequence_id_room_price'), '2024-12-31 23:59:59', 0.2, '2024-01-01 00:00:00', 'BAIXA_ESTACAO', 17),
  (nextval('public.sequence_id_room_price'), '2024-12-31 23:59:59', 0.15, '2024-01-01 00:00:00', 'PROMOCAO', 18);

-- Populating accommodation_amenity table
INSERT INTO public.accommodation_amenity (id_accommodation, id_amenity) VALUES
  (1, 1),
  (2, 2),
  (3, 3),
  (4, 4),
  (5, 5),
  (6, 6),
  (7, 7),
  (8, 8),
  (9, 9),
  (10, 10),
  (11, 11),
  (12, 12),
  (13, 13),
  (14, 14),
  (15, 15),
  (16, 16),
  (17, 17),
  (18, 18),
  (19, 19),
  (20, 20);

-- End of population script
COMMIT;
